{"stats":{"minecraft:picked_up":{"minecraft:stick":2,"minecraft:bone":2,"minecraft:rotten_flesh":1,"minecraft:red_sand":2,"minecraft:coal":1},"minecraft:mined":{"minecraft:red_sand":2,"minecraft:dead_bush":2},"minecraft:custom":{"minecraft:time_since_rest":22221,"minecraft:crouch_one_cm":939,"minecraft:sprint_one_cm":10643,"minecraft:play_time":22221,"minecraft:damage_taken":75,"minecraft:walk_one_cm":11906,"minecraft:sneak_time":1282,"minecraft:mob_kills":2,"minecraft:jump":177,"minecraft:damage_dealt":401,"minecraft:leave_game":1,"minecraft:time_since_death":22221,"minecraft:total_world_time":22221,"minecraft:fall_one_cm":1254,"minecraft:fly_one_cm":58226},"minecraft:used":{"minecraft:warden_spawn_egg":3,"minecraft:torch":12,"minecraft:red_sand":2,"minecraft:bread":1,"minecraft:wither_skeleton_spawn_egg":15,"iceandfire:spawn_egg_cyclops":1},"minecraft:killed":{"minecraft:drowned":1}},"DataVersion":3465}