{"stats":{"minecraft:dropped":{"minecraft:iron_ingot":4,"minecraft:orange_terracotta":2,"minecraft:cobblestone":1,"minecraft:yellow_terracotta":2,"minecraft:red_sand":1,"minecraft:red_terracotta":2,"iceandfire:dread_shard":1,"minecraft:bone":2,"minecraft:terracotta":11},"minecraft:mined":{"minecraft:red_sand":2,"minecraft:dead_bush":2},"minecraft:killed":{"iceandfire:dread_thrall":2,"minecraft:spider":1,"minecraft:iron_golem":1,"minecraft:drowned":1,"iceandfire:dread_ghoul":1,"minecraft:villager":7},"minecraft:used":{"minecraft:warden_spawn_egg":3,"minecraft:red_sand":2,"minecraft:villager_spawn_egg":16,"iceandfire:dragonsteel_lightning_pickaxe":3,"minecraft:bread":1,"iceandfire:dragon_horn":2,"iceandfire:spawn_egg_dread_ghoul":1,"minecraft:iron_helmet":1,"minecraft:iron_boots":1,"minecraft:wither_skeleton_spawn_egg":15,"iceandfire:spawn_egg_cyclops":1,"minecraft:iron_chestplate":1,"minecraft:torch":14,"iceandfire:spawn_egg_dread_thrall":2,"iceandfire:spawn_egg_lightning_dragon":1,"iceandfire:spawn_egg_fire_dragon":1,"minecraft:iron_leggings":1},"minecraft:custom":{"minecraft:time_since_rest":46479,"minecraft:sprint_one_cm":17811,"minecraft:damage_taken":75,"minecraft:walk_one_cm":32662,"minecraft:mob_kills":14,"minecraft:drop":26,"minecraft:damage_dealt":1261,"minecraft:fly_one_cm":196647,"minecraft:crouch_one_cm":2460,"minecraft:play_time":46479,"minecraft:sneak_time":2507,"minecraft:jump":257,"minecraft:leave_game":3,"minecraft:walk_on_water_one_cm":871,"minecraft:time_since_death":46479,"minecraft:total_world_time":46479,"minecraft:fall_one_cm":1254},"minecraft:picked_up":{"minecraft:stick":2,"minecraft:red_terracotta":2,"minecraft:smooth_sandstone_slab":1,"minecraft:orange_terracotta":2,"minecraft:arrow":1,"minecraft:bone":5,"minecraft:rotten_flesh":1,"minecraft:red_sand":3,"minecraft:iron_ingot":4,"iceandfire:dread_shard":4,"minecraft:yellow_terracotta":2,"minecraft:terracotta":11,"minecraft:coal":1,"minecraft:cobblestone":2}},"DataVersion":3465}